{"cameraMode":{"drawMode":0,"name":"Shaded","section":"Shading Mode"},"sceneLighting":true,"audioPlay":false,"sceneViewState":{"showFog":true,"showMaterialUpdate":false,"showSkybox":true,"showFlares":true,"showImageEffects":true,"showParticleSystems":true},"in2DMode":false,"pivot":{"x":-0.09673252701759339,"y":0.3465530574321747,"z":2.3221213817596437},"rotation":{"x":0.268694669008255,"y":0.40174588561058047,"z":-0.12383172661066055,"w":0.8667956590652466},"size":0.2643600106239319,"orthographic":false}